"","Bonefracture","Osteonecrosis","Osteoporosis"
"Cutoff Probablity",0.00963735414249027,0.000573534427342777,0.0260777326148116
"Cutoff Value",108.265625,145.1,98.765
"Number of Items",5881,324,16017
"Total Items",544337,544337,544337
